시설명,시설코드,시설종류명(시설유형),시설종류상세명(시설종류),자치구(시)구분,시설장명,시군구코드,시군구명,시설주소,정원(수용인원),현인원,전화번호,우편번호
광진데이케어센터,A2777,(노인복지시설) 재가노인복지시설,재가노인복지시설,자치구,신재원,1121500000,광진구,서울특별시 광진구 군자로 88 (군자동),,,,
사랑이있는집노인요양공동생활가정,A2912,(노인복지시설) 노인요양공동생활가정,노인의료복지시설,자치구,정문자,1121500000,광진구,서울특별시 광진구 용마산로8마길 7-10 (중곡동),,,,
아차산노인복지센터,A4801,(노인복지시설) 재가노인복지시설,재가노인복지시설,자치구,박정섭,1121500000,광진구,서울특별시 광진구 긴고랑로 164 (중곡동,1층),,,,
열린재가노인지원서비스센터,A5012,(노인복지시설) 재가노인복지시설,재가노인복지시설,자치구,박노정,1121500000,광진구,서울특별시 광진구 천호대로 591, 2층 (중곡동),,,,
므두셀라실버타운,A5485,(노인복지시설) 노인요양시설,노인의료복지시설,자치구,조용옥,1121500000,광진구,서울특별시 광진구 능동로 360 (중곡동),,,,
해피엘노인복지센터,A5644,(노인복지시설) 재가노인복지시설,재가노인복지시설,자치구,김변호,1121500000,광진구,서울특별시 광진구 자양로13길 47 (자양동),,,,
소망복지센터,A5839,(장기요양시설) 장기요양기관,장기요양시설,자치구,,1121500000,광진구,서울특별시 광진구 아차산로78길 75, 1005호 (광장동),,,,
건국의료기,A5884,(장기요양시설) 장기요양기관,장기요양시설,자치구,,1121500000,광진구,서울특별시 광진구 능동로9길 23 (자양동),,,,
광진노인종합복지관,A6226,(노인복지시설) 노인복지관,노인여가복지시설,자치구,신재원,1121500000,광진구,서울특별시 광진구 군자로 88 (군자동),,,,
열린재가노인지원서비스센터,A6250,(장기요양시설) 장기요양기관,장기요양시설,자치구,,1121500000,광진구,서울특별시 광진구 천호대로 591, 2층 (중곡동),,,,
모니카의 집,A6524,(노인복지시설) 노인공동생활가정,노인주거복지시설,자치구,박미희,1121500000,광진구,서울특별시 광진구 자양로33길 36 (구의동),,,,
광진소규모요양시설,A7670,(노인복지시설) 노인요양시설,노인의료복지시설,자치구,오상원,1121500000,광진구,서울특별시 광진구 자양로51길 11-25 (구의동),,,,
광진어르신복지센터,A7673,(노인복지시설) 재가노인복지시설,재가노인복지시설,자치구,오상원,1121500000,광진구,서울특별시 광진구 자양로51길 11-25 (구의동),,,,
광진노인요양공동생활가정,A8001,(노인복지시설) 노인요양공동생활가정,노인의료복지시설,자치구,오상원,1121500000,광진구,서울특별시 광진구 자양로51길 11-25 (구의동),,,,
광진한울촌노인요양시설,A8052,(노인복지시설) 노인요양시설,노인의료복지시설,자치구,이태화,1121500000,광진구,서울특별시 광진구 군자로 79 (군자동),,,,
실버밸리노인요양공동생활가정,A8812,(노인복지시설) 노인요양공동생활가정,노인의료복지시설,자치구,김승오,1121500000,광진구,서울특별시 광진구 자양로 65, 2층 (자양동, 화성빌딩),,,,
광진노인보호센터,A9553,(노인복지시설) 노인요양공동생활가정,노인의료복지시설,자치구,조철행,1121500000,광진구,서울특별시 광진구 뚝섬로58길 13 (자양동),,,,
밝은요양원,A9631,(노인복지시설) 노인요양공동생활가정,노인의료복지시설,자치구,박선숙,1121500000,광진구,서울특별시 광진구 긴고랑로 12, 4층 (중곡동),,,,
새움터지역아동센터,B2282,(아동복지시설) 지역아동센터,아동복지시설,자치구,전미영,1121500000,광진구,서울특별시 광진구 자양로 71-7, 3층 (자양동, 희년의집),,,,
해피엘지역아동센터,B4248,(아동복지시설) 지역아동센터,아동복지시설,자치구,박효정,1121500000,광진구,서울특별시 광진구 자양번영로 16 (자양동),,,,
(사)대한노인회 광진구지회 부설 광진노인교실,C0000007009,(노인복지시설) 경로당,노인여가복지시설,자치구,황갑석,1121500000,광진구,서울특별시 광진구 광장로 62 (광장동),,,,
자양노인교실,C0000007010,(노인복지시설) 경로당,노인여가복지시설,자치구,이호걸,1121500000,광진구,서울특별시 광진구 자양번영로 35 (자양동),,,,
신양경로당,C0000007018,(노인복지시설) 경로당,노인여가복지시설,자치구,조봉수,1121500000,광진구,서울특별시 광진구 543 (자양동),,,,
노유산경로당,C0000007021,(노인복지시설) 경로당,노인여가복지시설,자치구,김세채,1121500000,광진구,서울특별시 광진구 15-2 (자양동),,,,
중곡1동경로당,C0000007033,(노인복지시설) 경로당,노인여가복지시설,자치구,최경숙,1121500000,광진구,서울특별시 광진구 10 (중곡동),,,,
구의2동경로당,C0000007036,(노인복지시설) 경로당,노인여가복지시설,자치구,방춘자,1121500000,광진구,서울특별시 광진구 17-5 (구의동),,,,
자양2동현대2차아파트경로당,C0000007080,(노인복지시설) 경로당,노인여가복지시설,자치구,신동매,1121500000,광진구,서울특별시 광진구 72 (자양동, 자양동현대아파트),,,,
광장극동1차아파트경로당,C0000007085,(노인복지시설) 경로당,노인여가복지시설,자치구,이금임,1121500000,광진구,서울특별시 광진구 552 (광장동),,,,
중곡여가교실,C0000007089,(노인복지시설) 경로당,노인여가복지시설,자치구,한은경,1121500000,광진구,서울특별시 광진구 용마산로3길 62 (중곡동),,,,
광진단기보호센터(광진노인종합복지관 부설),C0000007095,(노인복지시설) 재가노인복지시설,재가노인복지시설,자치구,최광식,1121500000,광진구,서울특별시 광진구 군자로 88 (군자동),,,,
한국중앙노인교실,C0000007122,(노인복지시설) 경로당,노인여가복지시설,자치구,임석순,1121500000,광진구,서울특별시 광진구 능동로 447 (중곡동),,,,
더샵스타시티경로당,C0000007165,(노인복지시설) 경로당,노인여가복지시설,자치구,이재숙,1121500000,광진구,서울특별시 광진구 227-7 D D동 5, 6호 ,,,,
신동아파밀리에신동아아파트경로당,C0000007166,(노인복지시설) 경로당,노인여가복지시설,자치구,장윤자,1121500000,광진구,서울특별시 광진구 599 (광장동),,,,
광진어르신복지센터,C0000007187,(노인복지시설) 재가노인복지시설,재가노인복지시설,자치구,오병지,1121500000,광진구,서울특별시 광진구 자양로51길 11-25 (구의동),,,,
강변워커힐케어센터,C0000007189,(노인복지시설) 노인요양시설,노인의료복지시설,자치구,이옥란,1121500000,광진구,서울특별시 광진구 아차산로 634 (광장동),,,,
광진데이케어센터,C0000007191,(노인복지시설) 재가노인복지시설,재가노인복지시설,자치구,최광식,1121500000,광진구,서울특별시 광진구 군자로 88 (군자동),,,,
구의교회 노인교실,C0000007242,(노인복지시설) 경로당,노인여가복지시설,자치구,왕현성,1121500000,광진구,서울특별시 광진구 광나루로44길 47 (구의동),,,,
구의교회 늘푸른대학,C0000007243,(노인복지시설) 노인교실,노인여가복지시설,자치구,류범호,1121500000,광진구,서울특별시 광진구 광나루로44길 47 (구의동),,,,
돌보미노인요양센터,C0000009269,(장기요양시설) 장기요양기관,장기요양시설,자치구,,1121500000,광진구,서울특별시 광진구 면목로 157 (중곡동),,,,
가정폭력관련상담소,C0101381219,(여성복지시설) 가정폭력상담소,가정폭력피해보호시설,자치구,김일기,1121500000,광진구,서울특별시 광진구 자양로53길 111 (중곡동,3층),,,,
광진노인요양센터(광진노인종합복지관병설),C0101746617,(노인복지시설) 노인요양시설,노인의료복지시설,자치구,최광식,1121500000,광진구,서울특별시 광진구 군자로 88 (군자동,광진노인종합복지관),,,,
광진노인보호센터(주야간보호소),C0102906284,(노인복지시설) 재가노인복지시설,재가노인복지시설,자치구,이유정,1121500000,광진구,서울특별시 광진구 뚝섬로58길 13 (자양동),,,,
가족사랑 대자연 재가요양센터,C0103277375,(노인복지시설) 재가노인복지시설,재가노인복지시설,자치구,윤정이,1121500000,광진구,서울특별시 광진구 광장동 산 148-11 대오빌딩 6층 ,,,,
광진좋은너싱홈,C0103970595,(노인복지시설) 노인요양공동생활가정,노인의료복지시설,자치구,이은경,1121500000,광진구,서울특별시 광진구 용마산로 37 (중곡동,이안빌딩 2층),,,,
광진재가노인지원센터,C0110000122,(노인복지시설) 재가노인복지시설,재가노인복지시설,자치구,서수련,1121500000,광진구,서울특별시 광진구 자양로 309, 2층 (구의동),,,,
동부참사랑요양원,C0110050518,(노인복지시설) 노인요양시설,노인의료복지시설,자치구,한승엽,1121500000,광진구,서울특별시 광진구 동일로 154 (화양동),,,,
미래지식교육원,C0115887078,(여성복지시설) 통합상담소,통합상담소,자치구,이현석,1121500000,광진구,건국대학교,,,,
늘푸른돌봄센터,C0152521451,(노인복지시설) 재가노인복지시설,재가노인복지시설,자치구,박정애,1121500000,광진구,서울특별시 광진구 능동로 53, 2층 (자양동),,,,
(사)굿하트광진재가노인지원센터,C0156179797,(노인복지시설) 재가노인복지시설,재가노인복지시설,자치구,김종진,1121500000,광진구,서울특별시 광진구 천호대로 699, 302호 (구의동, 일천빌딩),,,,
광진늘푸른요양원,C0166251844,(노인복지시설) 노인요양공동생활가정,노인의료복지시설,자치구,,1121500000,광진구,서울특별시 광진구 뚝섬로 613, 6층 (자양동),,,,
광장노인교실,C0191850144,(노인복지시설) 경로당,노인여가복지시설,자치구,김경집,1121500000,광진구,서울특별시 광진구 아차산로66길 8 (광장동),,,,
권드인베드로대학,C0191856713,(노인복지시설) 경로당,노인여가복지시설,자치구,박비아,1121500000,광진구,서울특별시 광진구 뚝섬로58길 81 (자양동),,,,
구의교실,C0191856833,(노인복지시설) 경로당,노인여가복지시설,자치구,김경옥,1121500000,광진구,서울특별시 광진구 자양로33길 8 (구의동),,,,
희망미래교육원,C0204019712,(여성복지시설) 통합상담소,통합상담소,자치구,최홍렬,1121500000,광진구,서울특별시 광진구 능동로 413-1, 3층 (중곡동),,,,
희망미래교육원,C0204024054,(여성복지시설) 성폭력피해상담원교육훈련시설,성폭력피해보호시설,자치구,최홍렬,1121500000,광진구,서울특별시 광진구 능동로 413-1, 3층 (중곡동),,,,
중곡지역아동센터,C0204867616,(아동복지시설) 지역아동센터,아동복지시설,자치구,김순화,1121500000,광진구,서울특별시 광진구 자양로53길 69, 3층 (중곡동),,,,
어린이나라지역아동센터,C0206916945,(아동복지시설) 지역아동센터,아동복지시설,자치구,최미영,1121500000,광진구,서울특별시 광진구 자양로22길 58, 2층 (구의동),,,,
새빛지역아동센터,C0208953339,(아동복지시설) 지역아동센터,아동복지시설,자치구,최미옥,1121500000,광진구,서울특별시 광진구 자양로21길 35, 2층 (자양동),,,,
경희지역아동센터,C0289968855,(아동복지시설) 지역아동센터,아동복지시설,자치구,김보람,1121500000,광진구,서울특별시 광진구 긴고랑로7길 54 (중곡동),,,,
백세만세의료기,C0291563816,(노인복지시설) 재가노인복지시설,재가노인복지시설,자치구,유도균,1121500000,광진구,서울특별시 광진구 광나루로 556, 1층 (구의동),,,,
자양4동제1경로당,C0297456986,(노인복지시설) 경로당,노인여가복지시설,자치구,이학자,1121500000,광진구,서울특별시 광진구 24, 2층 (자양동),,,,
그린F5 광진본부,C0297771335,(노인복지시설) 재가노인복지시설,재가노인복지시설,자치구,최병한,1121500000,광진구,서울특별시 광진구 아차산로78길 170, 2층 207호 (광장동, 한강빌라),,,,
드림재가복지센터,C0297797150,(노인복지시설) 재가노인복지시설,재가노인복지시설,자치구,윤숙영,1121500000,광진구,서울특별시 광진구 자양로13길 107, 2층 (자양동),,,,
다시봄날 재가복지센터,C0297824218,(노인복지시설) 재가노인복지시설,재가노인복지시설,자치구,이은준,1121500000,광진구,서울특별시 광진구 자양로26길 14, 102호 (구의동),,,,
큰아들 재가복지센터,C0297824220,(노인복지시설) 재가노인복지시설,재가노인복지시설,자치구,유은경,1121500000,광진구,서울특별시 광진구 천호대로136길 64, 1층 (구의동),,,,
이튼타워리버5차아파트경로당,C0297856839,(노인복지시설) 경로당,노인여가복지시설,자치구,이무부,1121500000,광진구,서울특별시 광진구 40 (자양동, 이튼타워리버5차),,,,
사랑재 요양원,C0298172582,(노인복지시설) 노인요양시설,노인의료복지시설,자치구,이주한,1121500000,광진구,서울특별시 광진구 자양로 188 (구의동, 사랑재 요양원),,,,
사랑재 요양원,C0299022485,(노인복지시설) 노인요양시설,노인의료복지시설,자치구,이주한,1121500000,광진구,서울특별시 광진구 자양로 188 (구의동, 사랑재 요양원),,,,
광진구10호점 우리동네키움센터,C0300500506,(아동복지시설) 다함께돌봄센터,다함께돌봄센터,자치구,정미현,1121500000,광진구,서울특별시 광진구 능동로 400, 3층 (중곡동),,,,
광진구10호점 우리동네키움센터,C0300523800,(아동복지시설) 다함께돌봄센터,다함께돌봄센터,자치구,정미현,1121500000,광진구,서울특별시 광진구 능동로 400, 3층 (중곡동),,,,
돌봄플러스센터,C0304052614,(노인복지시설) 재가노인복지시설,재가노인복지시설,자치구,한정림,1121500000,광진구,서울특별시 광진구 긴고랑로 41, 4층 (중곡동),,,,
A노아어르신복지센터,C0608045985,(노인복지시설) 재가노인복지시설,재가노인복지시설,자치구,김세용,1121500000,광진구,서울특별시 광진구 광나루로 410, 6층 621호 (화양동, KCC파크타운),,,,
청연재가복지센터,C0608045995,(노인복지시설) 재가노인복지시설,재가노인복지시설,자치구,손예은,1121500000,광진구,서울특별시 광진구 광나루로 486, 507호 (구의동, 센트럴빌),,,,
해피나눔 재가복지센터,C0608046007,(노인복지시설) 재가노인복지시설,재가노인복지시설,자치구,황재명,1121500000,광진구,서울특별시 광진구 구의로 43, 1층 101호 (구의동),,,,
구립 자양노인복지관,C0608070655,(노인복지시설) 노인복지관,노인여가복지시설,자치구,박혜영,1121500000,광진구,서울특별시 광진구 뚝섬로56길 20 (자양동),,,,
상일데이케어센터,C0608098922,(노인복지시설) 재가노인복지시설,재가노인복지시설,자치구,엄선윤,1121500000,광진구,서울특별시 광진구 자양로 42, 지하1층,2,5층 (자양동),,,,
도우누리복지용구,C0608118153,(노인복지시설) 재가노인복지시설,재가노인복지시설,자치구,조남식,1121500000,광진구,서울특별시 광진구 능동로48길 18, 1층 (중곡동, 도우누리복지용구),,,,
자양현대2차아파트경로당,C0608134389,(노인복지시설) 경로당,노인여가복지시설,자치구,박성복,1121500000,광진구,서울특별시 광진구 9 (자양동, 자양2차현대아파트),,,,
상일 데이케어센터,C0608135103,(노인복지시설) 재가노인복지시설,재가노인복지시설,자치구,신현호,1121500000,광진구,서울특별시 광진구 자양로 42, 지하1,2,5층 (자양동),,,,
아이맘인지행동발달센터,C0608142399,(장애인복지시설) 장애인재활치료시설,장애인지역사회재활시설,자치구,심효정,1121500000,광진구,서울특별시 광진구 동일로 357 (중곡동),,,,
신양하늘꿈지역아동센터,C0608179757,(아동복지시설) 지역아동센터,아동복지시설,자치구,박은경,1121500000,광진구,서울특별시 광진구 동일로 44-10 (자양동),,,,
한마음방문요양센터,C0608179772,(노인복지시설) 재가노인복지시설,재가노인복지시설,자치구,임정원,1121500000,광진구,서울특별시 광진구 자양로43길 149, 1층 101호 (중곡동),,,,
굿데이케어센터,C0608186704,(노인복지시설) 재가노인복지시설,재가노인복지시설,자치구,백영경,1121500000,광진구,서울특별시 광진구 용마산로 106, 지하1층, 2층 (중곡동),,,,
가왕(家王)재가복지센터,C0608194157,(노인복지시설) 재가노인복지시설,재가노인복지시설,자치구,박경숙,1121500000,광진구,서울특별시 광진구 뚝섬로49길 31, 1층 (자양동),,,,
꿈나래지역아동센터,C0608208589,(아동복지시설) 지역아동센터,아동복지시설,자치구,김명화,1121500000,광진구,서울특별시 광진구 영화사로 9, 3층 (중곡동),,,,
희망샘지역아동센터,C0608208593,(아동복지시설) 지역아동센터,아동복지시설,자치구,심희진,1121500000,광진구,서울특별시 광진구 긴고랑로 137 (중곡동),,,,
행복동행복지센터,C0608211882,(노인복지시설) 재가노인복지시설,재가노인복지시설,자치구,정희정,1121500000,광진구,서울특별시 광진구 자양로28길 90, 102호 (구의동),,,,
A+광진노인재가복지센터,C0608276087,(노인복지시설) 재가노인복지시설,재가노인복지시설,자치구,정연월,1121500000,광진구,서울특별시 광진구 광나루로 562 (구의동, 경우빌딩 1관 3,4,5층),,,,
광진재활데이케어센터,C0608335217,(노인복지시설) 재가노인복지시설,재가노인복지시설,자치구,박정숙,1121500000,광진구,서울특별시 광진구 용마산로 10, 2층 (중곡동),,,,
정함효센터,C0608350834,(노인복지시설) 재가노인복지시설,재가노인복지시설,자치구,서미순,1121500000,광진구,서울특별시 광진구 아차산로21길 15, 1층 (화양동),,,,
별빛재가복지센터,C0608394204,(노인복지시설) 재가노인복지시설,재가노인복지시설,자치구,이미연,1121500000,광진구,서울특별시 광진구 능동로48길 35, 1층 (중곡동),,,,
진성지역아동센터,C0608394272,(아동복지시설) 지역아동센터,아동복지시설,자치구,임정민,1121500000,광진구,서울특별시 광진구 용마산로26길 10 (중곡동),,,,
서울형 키즈카페 시립 뚝섬 자벌레점,C0608463034,(아동복지시설) 아동전용시설,아동복지시설,자치구,이주은,1121500000,광진구,서울특별시 광진구 강변북로 2202, 2층 (자양동),,,,
행복재가방문요양센터,C0608559208,(노인복지시설) 재가노인복지시설,재가노인복지시설,자치구,곽병주,1121500000,광진구,서울특별시 광진구 아차산로 464, 303호 (구의동),,,,
도담재가요양센터,C0608559209,(노인복지시설) 재가노인복지시설,재가노인복지시설,자치구,류석현,1121500000,광진구,서울특별시 광진구 아차산로36길 5, 506호 (자양동),,,,
화양 장수 경로당,C0608565541,(노인복지시설) 경로당,노인여가복지시설,자치구,김상동,1121500000,광진구,서울특별시 광진구 36, 1층 (화양동),,,,
화양 장수 경로당,C0608565545,(노인복지시설) 경로당,노인여가복지시설,자치구,김상동,1121500000,광진구,서울특별시 광진구 36, 1층 (화양동),,,,
화양 장수 경로당,C0608565546,(노인복지시설) 경로당,노인여가복지시설,자치구,김상동,1121500000,광진구,서울특별시 광진구 36-5, 1층 (화양동),,,,
화양 장수 경로당,C0608565568,(노인복지시설) 경로당,노인여가복지시설,자치구,김상동,1121500000,광진구,서울특별시 광진구 36, 1층 (화양동),,,,
굿케어주야간보호센터,C0608621710,(노인복지시설) 재가노인복지시설,재가노인복지시설,자치구,배주호,1121500000,광진구,서울특별시 광진구 뚝섬로 742 (구의동, 광성빌딩 2층),,,,
해바라기재가복지센터,C0608621848,(노인복지시설) 재가노인복지시설,재가노인복지시설,자치구,문선희,1121500000,광진구,서울특별시 광진구 용마산로5길 16, 1층 (중곡동),,,,
광진홈케어노인복지센터,C0608821568,(노인복지시설) 재가노인복지시설,재가노인복지시설,자치구,박선경,1121500000,광진구,서울특별시 광진구 뚝섬로30가길 15, 1층 (자양동),,,,
광진섬김주간보호센터,C0608821612,(노인복지시설) 재가노인복지시설,재가노인복지시설,자치구,신경미,1121500000,광진구,서울특별시 광진구 구의강변로 35, 2층 (구의동, 삼진빌딩),,,,
돌봄재가복지센터,C0609217698,(노인복지시설) 재가노인복지시설,재가노인복지시설,자치구,백경옥,1121500000,광진구,서울특별시 광진구 긴고랑로13길 92, 1층 (중곡동),,,,
늘푸른건강 재가복지센터,C0609217707,(노인복지시설) 재가노인복지시설,재가노인복지시설,자치구,박정옥,1121500000,광진구,서울특별시 광진구 아차산로55길 43, 101호 (구의동),,,,
더좋은 재가복지센터,C0609217713,(노인복지시설) 재가노인복지시설,재가노인복지시설,자치구,소현희,1121500000,광진구,서울특별시 광진구 아차산로65길 25, 1층 (구의동),,,,
서울데이케어센터,C0609217715,(노인복지시설) 재가노인복지시설,재가노인복지시설,자치구,윤영순,1121500000,광진구,서울특별시 광진구 능동로37길 11, 4,5,6층 (중곡동, 세기빌딩),,,,
간호돌봄재가복지센터,C0609395166,(노인복지시설) 재가노인복지시설,재가노인복지시설,자치구,강은주,1121500000,광진구,서울특별시 광진구 면목로 202, 104호 (중곡동),,,,
간호돌봄재가복지센터,C0609395168,(노인복지시설) 재가노인복지시설,재가노인복지시설,자치구,강은주,1121500000,광진구,서울특별시 광진구 면목로 202, 104호 (중곡동),,,,
정립회관 주간보호시설,C1501,(장애인복지시설) 장애인주간보호시설,장애인지역사회재활시설,자치구,이세민,1121500000,광진구,서울특별시 광진구 워커힐로 93 (구의동),,,,
광진장애인보호작업장,C1607,(장애인복지시설) 장애인 보호작업장,장애인직업재활시설,자치구,진은숙,1121500000,광진구,서울특별시 광진구 동일로80길 20 (중곡동),,,,
정립장애인보호작업장,C1620,(장애인복지시설) 장애인 보호작업장,장애인직업재활시설,자치구,윤인애,1121500000,광진구,서울특별시 광진구 워커힐로 93 (구의동),,,,
정립회관,C5236,(장애인복지시설) 장애인복지관,장애인지역사회재활시설,자치구,이세민,1121500000,광진구,서울특별시 광진구 워커힐로 93 (구의동),,,,
희망의학교,C6714,(장애인복지시설) 장애인주간보호시설,장애인지역사회재활시설,자치구,한병훈,1121500000,광진구,서울특별시 광진구 천호대로 622 (능동),,,,
하나인장애인주간보호센터,C7988,(장애인복지시설) 장애인주간보호시설,장애인지역사회재활시설,자치구,나상운,1121500000,광진구,서울특별시 광진구 능동로59길 14 (중곡동),,,,
희망일터,C7989,(장애인복지시설) 장애인 보호작업장,장애인직업재활시설,자치구,김동현,1121500000,광진구,서울특별시 광진구 천호대로 622, 5층 (능동),,,,
광진구 수어통역센터,C8196,(장애인복지시설) 수어(수화)통역센터,장애인지역사회재활시설,자치구,고시현,1121500000,광진구,서울특별시 광진구 아차산로 417, 3층 (구의동),,,,
군자작은예수의집,C8235,(장애인복지시설) 장애인단기거주시설,장애인거주시설,자치구,최순자,1121500000,광진구,서울특별시 광진구 자양로35길 7-7 (구의동),,,,
희망하우스,C8814,(장애인복지시설) 장애인주간보호시설,장애인지역사회재활시설,자치구,남유선,1121500000,광진구,서울특별시 광진구 능동로34길 102-5, 2층 (능동),,,,
sim발달지원센터,C8945,(장애인복지시설) 장애인재활치료시설,장애인지역사회재활시설,자치구,심경애,1121500000,광진구,서울특별시 광진구 구의동 ,,,,
동그라미 움직임 발달센터,C9152,(장애인복지시설) 장애인재활치료시설,장애인지역사회재활시설,자치구,이상용,1121500000,광진구,서울특별시 광진구 자양로 135, 201호 (자양동),,,,
신아중곡공동생활가정,C9844,(장애인복지시설) 장애인공동생활가정,장애인거주시설,자치구,황성수,1121500000,광진구,서울특별시 광진구 긴고랑로2길 3, B동 3층 302호 (중곡동, 휴먼에코빌1차),,,,
희년의 집,F03859,(여성복지시설) 가정폭력상담소,가정폭력피해보호시설,자치구,서옥희,1121500000,광진구,서울특별시 광진구 자양로 71-7 (자양동),,,,
음악치료 가정상담소,F03860,(여성복지시설) 가정폭력상담소,가정폭력피해보호시설,자치구,박한나,1121500000,광진구,서울특별시 광진구 긴고랑로7길 54 (중곡동),,,,
누리봄,F0425,(정신보건복지시설) 지역사회전환시설,정신재활시설,자치구,조현구,1121500000,광진구,서울특별시 광진구 용마산로25길 10 (중곡동),,,,
광진구3호점 우리동네키움센터,F04687,(아동복지시설) 다함께돌봄센터,다함께돌봄센터,자치구,이수정,1121500000,광진구,서울특별시 광진구 자양로 71-7지하1층 ~ 지상2층 (자양동),,,,
아이맘인지행동발달센터,F14057,(장애인복지시설) 장애인재활치료시설,장애인지역사회재활시설,자치구,심효정,1121500000,광진구,서울특별시 광진구 동일로 357아이맘인지행동발달센터 (중곡동)(중곡동),,,,
광진노인보호센터,G0156,(노인복지시설) 재가노인복지시설,재가노인복지시설,자치구,남희숙,1121500000,광진구,서울특별시 광진구 뚝섬로58길 13 (자양동),,,,
늘푸른돌봄센터,G0934,(노인복지시설) 재가노인복지시설,재가노인복지시설,자치구,이현주,1121500000,광진구,서울특별시 광진구 용마산로8길 65 (중곡동),,,,
서울시 광진구 재가노인복지기관,G1146,(노인복지시설) 재가노인복지시설,재가노인복지시설,자치구,공지훈,1121500000,광진구,서울특별시 광진구 긴고랑로 136, 1층 (중곡동),,,,
성동실버케어요양원,G1469,(노인복지시설) 노인요양공동생활가정,노인의료복지시설,자치구,황영옥,1121500000,광진구,서울특별시 광진구 뚝섬로 613, 4층 (자양동),,,,
더행복데이케어센터,G2487,(노인복지시설) 재가노인복지시설,재가노인복지시설,자치구,이규섭,1121500000,광진구,서울특별시 광진구 뚝섬로56길 40, 3,4층 (자양동),,,,
THE CLASSIC 500,G2640,(노인복지시설) 양로시설,노인주거복지시설,자치구,김수현,1121500000,광진구,서울특별시 광진구 능동로 90 (자양동),,,,
백세만세데이케어센터,G4188,(노인복지시설) 재가노인복지시설,재가노인복지시설,자치구,조현양,1121500000,광진구,서울특별시 광진구 광나루로 556, 4층 (구의동, 씨엔씨빌딩),,,,
평강마을 데이케어센터,G4646,(노인복지시설) 재가노인복지시설,재가노인복지시설,자치구,전동식,1121500000,광진구,서울특별시 광진구 자양번영로4길 13, 3층 (자양동),,,,
광진시니어클럽,G5084,(노인복지시설) 노인일자리지원기관,노인일자리지원기관,자치구,정인기,1121500000,광진구,서울특별시 광진구 자양번영로7길 16-9 (자양동),,,,
강변케어센터,G5350,(노인복지시설) 노인요양공동생활가정,노인의료복지시설,자치구,이정아,1121500000,광진구,서울특별시 광진구 구의강변로 35, 6층 (구의동),,,,
강변케어센터2,G5351,(노인복지시설) 노인요양공동생활가정,노인의료복지시설,자치구,심대유,1121500000,광진구,서울특별시 광진구 구의강변로 35, 6층 (구의동),,,,
노블레스요양원2,G5731,(노인복지시설) 노인요양공동생활가정,노인의료복지시설,자치구,김제선,1121500000,광진구,서울특별시 광진구 용마산로 105, 2층 (중곡동, 광진빌딩),,,,
워커힐케어센터1,G5847,(노인복지시설) 노인요양시설,노인의료복지시설,자치구,문혜진,1121500000,광진구,서울특별시 광진구 아차산로 634, 6, 7층 (광장동, 대오빌딩),,,,
워커힐케어센터2,G5849,(노인복지시설) 노인요양시설,노인의료복지시설,자치구,진윤선,1121500000,광진구,서울특별시 광진구 아차산로 634, 5층 (광장동, 대오빌딩),,,,
노블레스요양원1,G5923,(노인복지시설) 노인요양공동생활가정,노인의료복지시설,자치구,권정교,1121500000,광진구,서울특별시 광진구 용마산로 105, 3층 (중곡동, 광진빌딩),,,,
군자 연세데이케어센터,G6052,(노인복지시설) 재가노인복지시설,재가노인복지시설,자치구,현진우,1121500000,광진구,서울특별시 광진구 군자로 108, 4층 (군자동, 군자빌딩),,,,
행복 방문요양 복지센터,G6481,(노인복지시설) 재가노인복지시설,재가노인복지시설,자치구,김태훈,1121500000,광진구,서울특별시 광진구 자양로 294, 2층 (구의동),,,,
더사랑데이케어센터,G6538,(노인복지시설) 재가노인복지시설,재가노인복지시설,자치구,김승희,1121500000,광진구,서울특별시 광진구 자양로 138, 1층 (구의동),,,,
더조은 방문요양센터,G7422,(노인복지시설) 재가노인복지시설,재가노인복지시설,자치구,박현미,1121500000,광진구,서울특별시 광진구 광나루로56길 63, 216호 (구의동, 현대프라임아파트 프라임프라자),,,,
온누리 방문요양센터,G8012,(노인복지시설) 재가노인복지시설,재가노인복지시설,자치구,박영옥,1121500000,광진구,서울특별시 광진구 면목로 63-2, 1층 (중곡동, 정호빌딩),,,,
광진늘푸른요양원,G8201,(노인복지시설) 노인요양공동생활가정,노인의료복지시설,자치구,이성도,1121500000,광진구,서울특별시 광진구 뚝섬로 613-1, 6층 (자양동),,,,
광진늘푸른단기보호센타,G8202,(노인복지시설) 재가노인복지시설,재가노인복지시설,자치구,이성도,1121500000,광진구,서울특별시 광진구 뚝섬로 613, 6층 (자양동),,,,
자양방문요양센터,G8241,(노인복지시설) 재가노인복지시설,재가노인복지시설,자치구,권미숙,1121500000,광진구,서울특별시 광진구 아차산로 325-1, 2층 (자양동),,,,
동서울어르신복지센터,G9571,(노인복지시설) 재가노인복지시설,재가노인복지시설,자치구,권오현,1121500000,광진구,서울특별시 광진구 아차산로53길 69 (구의동),,,,
구의노인복지센터,J2309,(장기요양시설) 장기요양기관,장기요양시설,자치구,,1121500000,광진구,서울특별시 광진구 자양로22길 62-7, 401호 (구의동),,,,
행복노인복지센터,J2470,(장기요양시설) 장기요양기관,장기요양시설,자치구,,1121500000,광진구,서울특별시 광진구 자양로19길 16-1, 302호 (자양동,세종아트빌),,,,
두리케어,J2594,(장기요양시설) 장기요양기관,장기요양시설,자치구,,1121500000,광진구,서울특별시 광진구 뚝섬로59길 41, 1층 (자양동),,,,
"AAA+"광진효나눔센터,J2725,(장기요양시설) 장기요양기관,장기요양시설,자치구,,1121500000,광진구,서울특별시 광진구 면목로 132-1, 2층 (중곡동),,,,
광진재가요양기관,J2932,(장기요양시설) 장기요양기관,장기요양시설,자치구,,1121500000,광진구,서울특별시 광진구 자양로 165 (구의동),,,,
샬롬노인복지센터,J3093,(장기요양시설) 장기요양기관,장기요양시설,자치구,,1121500000,광진구,서울특별시 광진구 구의로 27, 101호 (구의동),,,,
(주)대안의료기,J3666,(장기요양시설) 장기요양기관,장기요양시설,자치구,,1121500000,광진구,서울특별시 광진구 광나루로 524, 2층 (구의동),,,,
은혜노인복지센터,J4393,(장기요양시설) 장기요양기관,장기요양시설,자치구,,1121500000,광진구,서울특별시 광진구 뚝섬로54길 39 (자양동),,,,
행복드림복지센터,J4453,(장기요양시설) 장기요양기관,장기요양시설,자치구,,1121500000,광진구,서울특별시 광진구 뚝섬로 618, 2층 (자양동),,,,
한일재가방문요양센터,J4491,(장기요양시설) 장기요양기관,장기요양시설,자치구,,1121500000,광진구,서울특별시 광진구 자양로26길 59 (구의동),,,,
참사랑 방문요양센터,J4539,(장기요양시설) 장기요양기관,장기요양시설,자치구,,1121500000,광진구,서울특별시 광진구 천호대로125길 46, 1층 101호 (중곡동, 삼환스위트홈),,,,
워커힐실버타운,J6228,(노인복지시설) 노인요양시설,노인의료복지시설,자치구,최숙,1121500000,광진구,서울특별시 광진구 워커힐로 93 (구의동,외 10필지),,,,
(사)효사랑재가복지센터,J7112,(장기요양시설) 장기요양기관,장기요양시설,자치구,,1121500000,광진구,서울특별시 광진구 아차산로 229 (화양동, 한림타워 406호),,,,
광진원광실버센터,J7702,(노인복지시설) 노인요양시설,노인의료복지시설,자치구,신재윤,1121500000,광진구,서울특별시 광진구 아차산로63길 35 (구의동),,,,
"AA+"가정방문요양센터,J8778,(장기요양시설) 장기요양기관,장기요양시설,자치구,,1121500000,광진구,서울특별시 광진구 뚝섬로 681, 2층 (자양동),,,,
시티케어재가노인복지센터,J9387,(장기요양시설) 장기요양기관,장기요양시설,자치구,,1121500000,광진구,서울특별시 광진구 천호대로 666, 105호 (구의동, 그랜드파크 오피스텔),,,,
실버밸리노인단기보호센터,J9677,(장기요양시설) 장기요양기관,장기요양시설,자치구,,1121500000,광진구,서울특별시 광진구 자양로 65, 2층 (자양동, 화성빌딩),,,,
가족사랑 노인복지센터,J9949,(장기요양시설) 장기요양기관,장기요양시설,자치구,,1121500000,광진구,서울특별시 광진구 능동로50길 19, 1층 (중곡동),,,,
성민노인복지센터,J9975,(장기요양시설) 장기요양기관,장기요양시설,자치구,,1121500000,광진구,서울특별시 광진구 자양로53길 37, 201호 (중곡동, 에이스빌라),,,,
자양 우리동네 키움센터(다함께 돌봄센터),K0582,(아동복지시설) 다함께돌봄센터,다함께돌봄센터,자치구,유효진,1121500000,광진구,서울특별시 광진구 자양번영로 35 (자양동),,,,
중곡지역아동센터,K0588,(아동복지시설) 지역아동센터,아동복지시설,자치구,김순화,1121500000,광진구,서울특별시 광진구 자양로53길 69, 3층 (중곡동),,,,
어린이나라지역아동센터,K0652,(아동복지시설) 지역아동센터,아동복지시설,자치구,최미영,1121500000,광진구,서울특별시 광진구 자양로22길 58, 2층 (구의동),,,,
새빛지역아동센터,K0759,(아동복지시설) 지역아동센터,아동복지시설,자치구,최미옥,1121500000,광진구,서울특별시 광진구 아차산로 330 (자양동),,,,
꿈 정함 우리동네 키움센터(다함께돌봄센터),K0824,(아동복지시설) 다함께돌봄센터,다함께돌봄센터,자치구,이명일,1121500000,광진구,서울특별시 광진구 자양로3가길 28 (자양동),,,,
새날지역아동센터,K0827,(아동복지시설) 지역아동센터,아동복지시설,자치구,김금자,1121500000,광진구,서울특별시 광진구 아차산로26길 22, 2층 (자양동),,,,
경희지역아동센터,K1105,(아동복지시설) 지역아동센터,아동복지시설,자치구,김보람,1121500000,광진구,서울특별시 광진구 긴고랑로7길54 (중곡동),,,,
한사랑지역아동센터,K1106,(아동복지시설) 지역아동센터,아동복지시설,자치구,천은정,1121500000,광진구,서울특별시 광진구 동일로 282, 302호 (군자동),,,,
광진구3호점 우리동네키움센터,K1159,(아동복지시설) 다함께돌봄센터,다함께돌봄센터,자치구,이수정,1121500000,광진구,서울특별시 광진구 자양로 71-7 (자양동),,,,
광진구6호점 우리동네키움센터(중곡 정함),K1171,(아동복지시설) 다함께돌봄센터,다함께돌봄센터,자치구,장유리,1121500000,광진구,서울특별시 광진구 능동로 338, 2층 (중곡동),,,,
광진구4호점 우리동네키움센터,K1174,(아동복지시설) 다함께돌봄센터,다함께돌봄센터,자치구,이혜진,1121500000,광진구,서울특별시 광진구 아차산로66길 8, 3층 (광장동),,,,
광진구5호점 우리동네키움센터,K1184,(아동복지시설) 다함께돌봄센터,다함께돌봄센터,자치구,황남미,1121500000,광진구,서울특별시 광진구 능동로 347, 2층 (중곡동),,,,
광진구7호점 우리동네키움센터,K1186,(아동복지시설) 다함께돌봄센터,다함께돌봄센터,자치구,이민령,1121500000,광진구,서울특별시 광진구 구의강변로 79, 2층 (구의동),,,,
광진구8호점 우리동네키움센터,K1591,(아동복지시설) 다함께돌봄센터,다함께돌봄센터,자치구,차순희,1121500000,광진구,서울특별시 광진구 자양로 170, 2층 (구의동),,,,
행복한지역아동센터,K1711,(아동복지시설) 지역아동센터,아동복지시설,자치구,김지연,1121500000,광진구,서울특별시 광진구 광나루로37길 43 (구의동),,,,
광진구9호점 우리동네키움센터,K1760,(아동복지시설) 다함께돌봄센터,다함께돌봄센터,자치구,양승현,1121500000,광진구,서울특별시 광진구 천호대로 716, 별관1호 (구의동, 아차산 포레안),,,,
광진구10호점 우리동네키움센터,K2062,(아동복지시설) 다함께돌봄센터,다함께돌봄센터,자치구,유은미,1121500000,광진구,서울특별시 광진구 능동로 400, 3층 (중곡동),,,,
A＋가족사랑주식회사,L0778,(장기요양시설) 장기요양기관,장기요양시설,자치구,,1121500000,광진구,서울특별시 광진구 긴고랑로13길 7, 1층 (중곡동),,,,
광진어르신돌봄센터,L0945,(장기요양시설) 장기요양기관,장기요양시설,자치구,,1121500000,광진구,서울특별시 광진구 자양번영로5길 27, 1층 (자양동),,,,
아리아케어 방문요양 광진 구의센터,L1066,(장기요양시설) 장기요양기관,장기요양시설,자치구,,1121500000,광진구,서울특별시 광진구 긴고랑로30길 10, 103호 (중곡동),,,,
가정어르신 재가복지센터,L1072,(장기요양시설) 장기요양기관,장기요양시설,자치구,,1121500000,광진구,서울특별시 광진구 영화사로 29 (중곡동),,,,
부모사랑 가정방문 요양센터,L1996,(장기요양시설) 장기요양기관,장기요양시설,자치구,,1121500000,광진구,서울특별시 광진구 아차산로 403, 305호 (구의동, 경암빌딩),,,,
광진재가복지센터,L2058,(장기요양시설) 장기요양기관,장기요양시설,자치구,,1121500000,광진구,서울특별시 광진구 긴고랑로9길 50, 1층 (중곡동),,,,
"153 방문요양센터",L2247,(장기요양시설) 장기요양기관,장기요양시설,자치구,,1121500000,광진구,서울특별시 광진구 자양로13길 53, 101호 (자양동),,,,
S2웃음드림방문요양센터,L2272,(장기요양시설) 장기요양기관,장기요양시설,자치구,,1121500000,광진구,서울특별시 광진구 긴고랑로14길 50, 101호 (중곡동, 로얄그린빌),,,,
효드림복지센터,L2367,(장기요양시설) 장기요양기관,장기요양시설,자치구,,1121500000,광진구,서울특별시 광진구 자양로 126, 1108호 (구의동),,,,
이레나방문요양센터,L2377,(장기요양시설) 장기요양기관,장기요양시설,자치구,,1121500000,광진구,서울특별시 광진구 뚝섬로54길 49 (자양동),,,,
수일 홈케어 복지센타,L2772,(장기요양시설) 장기요양기관,장기요양시설,자치구,,1121500000,광진구,서울특별시 광진구 아차산로49길 75, 101호 (구의동, 어반클래식),,,,
건대의료기,L3450,(장기요양시설) 장기요양기관,장기요양시설,자치구,,1121500000,광진구,서울특별시 광진구 능동로 110, B동 1층 108호 (화양동, 스타시티영존),,,,
늘푸른건강의료기,L3939,(장기요양시설) 장기요양기관,장기요양시설,자치구,,1121500000,광진구,서울특별시 광진구 구의로1길 30 (구의동),,,,
따뜻한사람들 재가장기요양센터,L4099,(장기요양시설) 장기요양기관,장기요양시설,자치구,,1121500000,광진구,서울특별시 광진구 뚝섬로38길 26, 1층 103호 (자양동),,,,
100세건강 의료기총판,L4433,(장기요양시설) 장기요양기관,장기요양시설,자치구,,1121500000,광진구,서울특별시 광진구 영화사로 4 (중곡동),,,,
참마음재가복지센터,L4692,(장기요양시설) 장기요양기관,장기요양시설,자치구,,1121500000,광진구,서울특별시 광진구 군자로 180, 601호 (군자동),,,,
A+하나인효복지센터,L5238,(장기요양시설) 장기요양기관,장기요양시설,자치구,,1121500000,광진구,서울특별시 광진구 답십리로84길 11, 302호 (중곡동),,,,
가자재가복지센터,L5265,(장기요양시설) 장기요양기관,장기요양시설,자치구,,1121500000,광진구,서울특별시 광진구 용마산로7길 34 (중곡동),,,,
효나눔방문요양센터,L5395,(장기요양시설) 장기요양기관,장기요양시설,자치구,,1121500000,광진구,서울특별시 광진구 천호대로119길 57 (중곡동),,,,
이레 방문요양 센터,L5558,(장기요양시설) 장기요양기관,장기요양시설,자치구,,1121500000,광진구,서울특별시 광진구 용마산로 160, 1층 (중곡동),,,,
아차산 방문요양 센터,L5599,(장기요양시설) 장기요양기관,장기요양시설,자치구,,1121500000,광진구,서울특별시 광진구 천호대로136길 7, 1층 (구의동),,,,
광진방문요양센터,L5656,(장기요양시설) 장기요양기관,장기요양시설,자치구,,1121500000,광진구,서울특별시 광진구 자양로13길 62, 201호 (자양동),,,,
다솜재가복지센터,L5715,(장기요양시설) 장기요양기관,장기요양시설,자치구,,1121500000,광진구,서울특별시 광진구 자양번영로4길 53-13, 101호 (자양동),,,,
찾아가는 재가 돌봄 노인복지센터,L6158,(장기요양시설) 장기요양기관,장기요양시설,자치구,,1121500000,광진구,서울특별시 광진구 군자로 142, 지층 (군자동),,,,
효사랑홈케어,M0512,(장기요양시설) 장기요양기관,장기요양시설,자치구,,1121500000,광진구,서울특별시 광진구 자양로2길 5, 101호 (자양동),,,,
153 행복한요양센터,M3837,(장기요양시설) 장기요양기관,장기요양시설,자치구,,1121500000,광진구,서울특별시 광진구 광나루로37길 43, 1층 (구의동),,,,
나눔재가장기요양기관,M3929,(장기요양시설) 장기요양기관,장기요양시설,자치구,,1121500000,광진구,서울특별시 광진구 면목로17길 24-1, 102호 (중곡동),,,,
기쁨을주는사람들,M4079,(장기요양시설) 장기요양기관,장기요양시설,자치구,,1121500000,광진구,서울특별시 광진구 구의강변로3길 16, 101호 (구의동, 파르네빌아파트),,,,
정다운 복지센터,M4208,(장기요양시설) 장기요양기관,장기요양시설,자치구,,1121500000,광진구,서울특별시 광진구 뚝섬로 492, 2층 203호 (자양동),,,,
성동실버케어요양원,M4737,(장기요양시설) 장기요양기관,장기요양시설,자치구,,1121500000,광진구,서울특별시 광진구 뚝섬로 613, 4층 (자양동),,,,
광진사랑복지센터,M5312,(장기요양시설) 장기요양기관,장기요양시설,자치구,,1121500000,광진구,서울특별시 광진구 아차산로57길 33, 2층 2호 (구의동),,,,
드림플라이 협동조합 재가복지센터,M5852,(장기요양시설) 장기요양기관,장기요양시설,자치구,,1121500000,광진구,서울특별시 광진구 자양로41길 12, 2층 202호 (구의동),,,,
우리네재가방문요양센터,M6516,(장기요양시설) 장기요양기관,장기요양시설,자치구,,1121500000,광진구,서울특별시 광진구 능동로32길 137, 101호 (능동, 능동아트빌라),,,,
나우케어,M8637,(장기요양시설) 장기요양기관,장기요양시설,자치구,,1121500000,광진구,서울특별시 광진구 용마산로16길 5, 1층 (중곡동),,,,
스마일 청연 재가노인복지센터,M9650,(장기요양시설) 장기요양기관,장기요양시설,자치구,,1121500000,광진구,서울특별시 광진구 광나루로 486, 7층 706호 (구의동, 센트럴빌),,,,
광진희망복지센터,M9760,(장기요양시설) 장기요양기관,장기요양시설,자치구,,1121500000,광진구,서울특별시 광진구 광나루로46길 9, 201호 (구의동),,,,
가까운방문요양센터,M9876,(장기요양시설) 장기요양기관,장기요양시설,자치구,,1121500000,광진구,서울특별시 광진구 긴고랑로 132, 지102호 (중곡동),,,,
지극정성 방문요양센터,P0337,(노인복지시설) 재가노인복지시설,재가노인복지시설,자치구,김정희,1121500000,광진구,서울특별시 광진구 아차산로 444, 503호 (구의동),,,,
서울데이케어센터,P0486,(노인복지시설) 재가노인복지시설,재가노인복지시설,자치구,최은섭,1121500000,광진구,서울특별시 광진구 능동로37길 11, 4,5,6층 (중곡동),,,,
굿케어재가복지센터,P0705,(노인복지시설) 재가노인복지시설,재가노인복지시설,자치구,안하영,1121500000,광진구,서울특별시 광진구 뚝섬로 742, 5층 507호 (구의동),,,,
우리부모 방문요양센터,P1551,(노인복지시설) 재가노인복지시설,재가노인복지시설,자치구,지미영,1121500000,광진구,서울특별시 광진구 광장로3길 7, 1층 102호 (광장동),,,,
중곡요양원,P3161,(노인복지시설) 노인요양공동생활가정,노인의료복지시설,자치구,이정숙,1121500000,광진구,서울특별시 광진구 면목로 203, 3층 (중곡동),,,,
광진구건강가정지원센터,W0873,(가족복지시설) 건강가정지원센터,건강가정지원센터,자치구,윤명자,1121500000,광진구,서울특별시 광진구 천호대로136길 55 (구의동, 구의2동 복합청사 3, 4층),,,,
광진구가족센터,W2198,(다문화가족복지시설) 다문화가족지원센터,다문화가족복지시설,자치구,윤명자,1121500000,광진구,서울특별시 광진구 천호대로136길 55 (구의동, 구의2동 복합청사 3, 4층),,,,
희년여성상담소,W2928,(여성복지시설) 가정폭력상담소,가정폭력피해보호시설,자치구,심은정,1121500000,광진구,서울특별시 광진구 자양로 71-7, 4층 (자양동),,,,
음악치료가정상담소,W2976,(여성복지시설) 가정폭력상담소,가정폭력피해보호시설,자치구,권선애,1121500000,광진구,서울특별시 광진구 긴고랑로7길 54 (중곡동),,,,
서울광진지역자활센터,Z0315,(저소득복지시설) 지역자활센터,자활시설,자치구,김은미,1121500000,광진구,서울특별시 광진구 자양로 247, 4층 (구의동),,,,
광장종합사회복지관,Z5043,(일반사회복지시설) 사회복지관,일반사회복지시설,자치구,김경집,1121500000,광진구,서울특별시 광진구 아차산로66길 8 (광장동),,,,
자양종합사회복지관,Z5304,(일반사회복지시설) 사회복지관,일반사회복지시설,자치구,이호걸,1121500000,광진구,서울특별시 광진구 자양번영로 35 (자양동),,,,
중곡종합사회복지관,Z5329,(일반사회복지시설) 사회복지관,일반사회복지시설,자치구,한은경,1121500000,광진구,서울특별시 광진구 용마산로3길 62 (중곡동),,,,
광진구정신건강복지센터,Z5509,(정신보건복지시설) 정신건강복지 지역센터,정신건강증진기관,자치구,채규창,1121500000,광진구,서울특별시 광진구 자양로 117 (자양동,광진구청),,,,
사랑재 요양원,Z6473,(노인복지시설) 노인요양시설,노인의료복지시설,자치구,이주한,1121500000,광진구,서울특별시 광진구 자양로 188 (구의동),,,,
